{"cameraMode":{"drawMode":0,"name":"Shaded","section":"Shading Mode"},"sceneLighting":false,"audioPlay":false,"sceneViewState":{"showFog":true,"showMaterialUpdate":false,"showSkybox":false,"showFlares":true,"showImageEffects":true,"showParticleSystems":true},"in2DMode":false,"pivot":{"x":0.033416748046875,"y":2.3755598068237306,"z":0.8391180038452148},"rotation":{"x":0.014114627614617348,"y":0.6898031830787659,"z":0.013452883809804917,"w":-0.7237343788146973},"size":10.938979148864746,"orthographic":false}