{"cameraMode":{"drawMode":0,"name":"Shaded","section":"Shading Mode"},"sceneLighting":true,"audioPlay":false,"sceneViewState":{"showFog":true,"showMaterialUpdate":false,"showSkybox":true,"showFlares":true,"showImageEffects":true,"showParticleSystems":true},"in2DMode":false,"pivot":{"x":-2.179738998413086,"y":3.2277302742004396,"z":32.35612487792969},"rotation":{"x":-0.11452783644199372,"y":0.20469273626804353,"z":-0.024123212322592737,"w":-0.9718036651611328},"size":22.0,"orthographic":false}