{"cameraMode":{"drawMode":0,"name":"Shaded","section":"Shading Mode"},"sceneLighting":true,"audioPlay":false,"sceneViewState":{"showFog":true,"showMaterialUpdate":false,"showSkybox":true,"showFlares":true,"showImageEffects":true,"showParticleSystems":true},"in2DMode":false,"pivot":{"x":-8.989896774291993,"y":5.325383186340332,"z":53.456207275390628},"rotation":{"x":-0.29434576630592348,"y":-0.015197135508060456,"z":0.0046812426298856739,"w":-0.9555667042732239},"size":69.00798797607422,"orthographic":false}